ORB Extraction,Pose Prediction,LM Track,Total Tracking,Total Local Mapping
8.97510,0.07197,7.61667,19.11278,192.78506
8.96149,0.07216,7.57654,19.05861,194.42163
8.98891,0.06913,7.64316,19.15688,193.39883
8.90454,0.07202,7.62442,19.06143,193.36483
9.01375,0.06807,7.58195,19.10915,196.38359
