ORB Extraction,Pose Prediction,LM Track,Total Tracking,Total Local Mapping
8.58632,0.11314,4.98460,16.58932,126.63933
8.60400,0.07505,5.10503,16.66375,129.40937
8.70939,0.13260,4.94816,17.11347,118.61716
8.59531,0.09002,5.07550,16.75998,127.31886
8.64727,0.10221,5.00503,16.72662,123.42654
