ORB Extraction,Pose Prediction,LM Track,Total Tracking,Total Local Mapping
8.25069,0.22177,4.18062,15.65860,84.74713
9.11099,0.91937,3.25331,18.65582,30.25972
8.25199,0.06975,5.02077,16.21002,122.77691
8.31257,0.21094,4.18184,15.73020,88.20740
8.20562,0.20096,4.19962,15.47545,88.81016
