ORB Extraction,Pose Prediction,LM Track,Total Tracking,Total Local Mapping
8.41282,0.07805,6.06258,16.09304,139.69979
8.58178,0.08165,5.91534,16.07719,137.15790
8.43006,0.07773,5.82500,15.82711,136.10931
8.41540,0.08002,5.84903,15.85959,135.38230
8.47248,0.08171,6.03648,16.15367,140.23557
