ORB Extraction,Pose Prediction,LM Track,Total Tracking,Total Local Mapping
8.36461,0.08164,6.02691,16.39118,138.12411
8.40072,0.08299,6.02748,16.40893,139.72344
8.32943,0.08181,6.04657,16.36752,137.79739
8.44370,0.07902,6.06671,16.48208,138.69010
11.25596,0.10460,6.97302,21.00454,167.87931
