ORB Extraction,Pose Prediction,LM Track,Total Tracking,Total Local Mapping
8.15500,0.38664,3.66001,15.68035,52.78872
8.02052,0.43775,3.62023,15.36651,51.33992
8.36487,0.41310,3.64438,16.28721,49.38815
8.21761,0.46686,3.46924,15.95394,47.74328
69.59006,0.36756,4.49022,78.31750,426.55935
